name,address,city,state,zip
Sisters of Saint Joseph Convent,1725 Brentwood Road,Brentwood,NY,11717
Asplundh Construstion Corp.,93 Sills Road,Yaphank,NY,11980
NYC DOC Plant 2,600 West Serovice Road,Staten Island,NY,10314
SIMS METAL,3027 Greenpoint Ave,Long Island City,NY,11101
Asplundh Construstion Corp.,93 Sills Road,Yaphank,NY,11980
Asplundh Construstion Corp.,400 Charlotte Ave,Hicksville,NY,11801
Asplundh Construstion Corp.,294 Old Northport Rd,Kings Park,NY,11754
Ahern Rentals,45 Brook Ave,Deer Park,NY,11729
Patchogue Fire District,25 Park Street,Patchogue,NY,11772
Crown Petroleum - Truck Roll Over,NY-878 & Burnside Ave,Inwood,NY,11096
Residence,108 Candy Lane,Syosset,NY,11791
